year_month,year,month_number,month,APAC,EMEA,USA,total_revenue
2022-06,2022,6,June,3475,3850,36760,44085
2022-07,2022,7,July,5770,6695,45065,57530
2022-08,2022,8,August,13145,12940,53585,79670
2022-09,2022,9,September,24405,15225,55345,94975
2022-10,2022,10,October,38530,17900,62720,119150
2022-11,2022,11,November,44305,17630,60930,122865
2022-12,2022,12,December,39605,15905,51810,107320
2023-01,2023,1,January,47315,19815,58170,125300
2023-02,2023,2,February,48365,26675,56615,131655
2023-03,2023,3,March,68350,33425,60485,162260
2023-04,2023,4,April,63195,35590,52295,151080
2023-05,2023,5,May,52325,34520,50100,136945
